"first_name","second_name"
Кр,Федоро
Александр,Ков
Никита,Демин
Али,Н
Иль,М
Александр,Мухин
Кон,Ст
Анна,Смирно
Нина,Во
Сте,С
Али,Василье
Е,Троицкий
Андр,Кузнецов
Анна,Ми
Мар,Гр
Али,Сахарова
Вероник,Воробьев
Василиса,Родионова
Валери,Бычко
Тимур,Петров
Мария,Шув
Владисл,Крылов
Матве,Роз
Екатерин,Копы
Герман,Рябов
Артемий,Белоусов
Фёдо,Егоров
Денис,Ефремов
Соф,Коро
Савва,Вол
Мирослава,Ан
Мария,Литвинова
Матве,Сафонов
Ангели,Жукова
Лев,Петров
Ксения,Мак
Ника,Лапшина
Анна,Панкова
Артём,Ма
Мария,Жукова
Дарь,Богом
Ел,А
Роман,Вороб
Максим,Ми
Анна,Захарова
Ксения,Власова
Соф,Седова
Кирилл,Морозо
Лев,В
Артём,С
Роман,М
Фёдо,Б
Ан,Е
Сераф,Кири
Александр,Смирно
Екатерин,Шу
Кирилл,Зверев
Дарь,Бл
Али,Ку
Злата,Горе
Виктория,А
Вероник,Кири
Матве,Лоб
Кирилл,Белов
Владисл,Федотов
Дани,М
Вероник,Никол
Матве,За
Матве,Ч
Николай,Пугаче
Али,Лари
Е,Бобров
П,Кузнецов
Артём,Анто
Артём,Евсеев
Полина,Кова
Ар,Сергеева
М,П
Лев,Яшин
Егор,Бара
Артём,Чума
Виктория,Иван
Мария,Пав
Сем,Белов
Валери,С
Вера,Федоро
Максим,Рыба
Дани,Тарасо
Соф,Федоро
Ел,Любимова
Дмитрий,Петров
Вера,Кова
Дани,Да
Дани,Гол
Артём,Суворо
Яр,Ми
Соф,Парамонов
Артём,Лукь
Сем,Тихонов
Виктория,Вин
Ева,Шув
Надежда,Лари
Николай,Федор
Денис,Морозо
Кр,Старостина
Иль,Глухов
Зоя,По
Ел,Гри
М,Прохоро
Дмитрий,Никонов
Фёдо,Пахомов
Кирилл,К
Ал,Ермако
Ан,Дмитри
Ольга,Яковл
Вера,Снегирева
Майя,Давыдова
Серафим,Дроздов
Тимур,Алексе
Мария,Смирно
Валери,Вин
Сем,Морозо
Кирилл,Алексе
Варвар,Носов
Мария,Трошина
Лука,Быков
Тимур,Нес
Ульяна,Смирно
Анна,Уткин
Фёдо,Николаев
Дани,Кар
Екатерин,Ко
Леон,Кузнецов
Ева,Сорокин
Сем,Смирно
Артём,Ал
Диа,Данилова
Ан,Ники
Елена,Емельянова
Никита,П
Анна,Маслова
Екатерин,Голуб
Милана,Орех
Плато,Коно
Кон,Фо
Антонина,Сорокин
Дани,Фи
Ан,Гу
Милана,Орл
Мар,М
Дмитрий,Ст
Виктор,Вороб
Ал,Савелье
Ел,Кудрявцева
Дарь,Фила
Кр,Фети
Александр,Иванов
Зоя,Гончарова
Анна,Сер
Екатерин,Соколова
Марг,Гус
Матве,Родионов
Валери,Кравцова
Валери,Иван
Василиса,Савелье
Ника,Гу
Валери,Иван
Вероник,Каза
Андр,Кузин
Ан,Рыбако
Егор,Пот
Алёна,Гончарова
Валери,Жилин
Сем,Зеле
Анна,Швецова
Ксения,Гаврило
Валери,Во
Георгий,Зайцев
Ольга,Лебед
Марг,Жарова
Ева,Медве
Али,Никол
Дани,М
Милана,Л
М,Носо
Полина,Полякова
Ан,Ми
Ел,Косарев
Плато,Денисов
Ал,Мас
Ел,Тих
Георгий,Мас
Александр,Ага
Полина,Мешкова
Мария,Ермолаева
Валери,Л
Полина,Каза
Виктория,Данилова
Мария,Степано
Иль,К
Марг,Колес
Мар,Троицкий
Вера,Алексе
Филипп,Селезнев
Демид,Постни
Иль,Исако
Г,Тарасо
Соф,Ку
Кирилл,Каза
Николай,Муравьев
Рус,Роман
Ольга,Кудрявцева
Полина,Нику
П,Львов
Валери,Дени
В,Юдин
Милана,Овчинни
Демид,Кра
Александр,Харитонов
Дани,Демьянов
Али,Ш
Мария,Корне
Дмитрий,Вино
Максим,Русаков
Иван,Сальник
Виктория,Софр
Василий,Черных
А,Иванов
Соф,Данилова
Милана,Соколова
П,Титов
Фёдо,Малыше
Юлия,Смирно
Соф,Тимофеева
Ал,Соколова
Сте,Демин
Игорь,Аксенов
Елена,Дружини
Анна,Пав
Екатерин,Козлова
Ар,Черныше
Ева,Новикова
Ал,Карпов
Дарь,Осипова
Кирилл,Никонов
Али,Шу
Мария,З
Василиса,Ми
Мария,Лебед
Георгий,Смирно
Марг,Тере
Се,Ма
Рус,Овчи
Мария,Потапов
Дарь,Авдеева
Соф,Цветков
Све,Смирно
Ксения,П
Матве,Беляев
Андр,Мас
Тимофей,Ефремов
Роб,Бирюко
Василиса,Корни
Мария,Леонова
Соф,Климова
Але,Лебед
Се,Костин
Ульяна,К
Леон,Фоми
Ар,Литвинова
Д,Бор
Тимур,Павло
Яр,Комар
Тимофей,Соколов
Кирилл,Бор
Ксения,Иван
Кира,Майоров
Георгий,Глухов
Али,Алексе
Максим,Иванов
Егор,Козлов
Полина,Кор
Дмитрий,Карпов
Сем,Пот
Соф,Куликова
Соф,Потапов
Матве,К
Сераф,Мак
Максим,Да
Варвар,Вин
Варвар,З
Максим,Козлов
Мар,Чернышев
Яр,Кулагин
Вера,Василье
Тимур,Горю
Ева,Ефремо
Роман,Зайцев
Яр,Кузь
Савва,Ильи
М,Бор
Кон,Ежов
Артём,Никит
Али,Пав
Кар,Сизо
Максим,Орлов
Максим,С
Дани,Ежов
Полина,Евдо
Денис,Карпов
Виктор,Петров
Андр,Иванов
Али,Михеева
Сте,В
Ульяна,Киселев
Роман,Малыше
Полина,Муравьева
Дарь,Ми
Дмитрий,Богданов
Егор,Алексе
Соф,Тимофеева
Кирилл,Беляев
Пётр,Журавлев
Екатерин,Сергеева
Леон,Бочар
Г,Гол
Марг,Капустина
Соф,Беляева
Юрий,К
Дмитрий,Соколов
Виктория,Гаврило
Кирилл,Тимофее
Кира,Иван
Дани,Белов
Ангели,Сидор
Мак,Ав
Максим,Симон
Никита,Кондрать
Полина,Молчан
Сем,Севастьяно
Соф,Андриано
Анна,Лебед
Валери,Трофимова
Дмитрий,Кирил
Иль,Фе
Вера,Воронина
Кира,С
Дмитрий,Егоров
Соф,Воробьев
Виктория,Ку
Ева,Гу
Соф,Маркова
Иль,Денисов
Рус,Сотнико
Мар,Белов
Ольга,Смирно
Ан,Соколова
Ксения,Ермолаева
Дарь,Нестерова
Дмитрий,Корнило
Демид,Го
Николай,Смирно
Виктория,Козырев
Вероник,Н
Ал,Евдо
Никита,Киселев
Глеб,Чер
Александр,Ма
Ан,Медве
Мар,Вол
Али,Уварова
Анна,Пименова
Иль,Шаров
Ал,Неф
Максим,С
Никита,Гол
М,Смирно
Мария,Дья
Николай,Уткин
Дмитрий,Николаев
Максим,Снегир
Никита,Вол
В,Панов
Святосл,М
Миросл,Морозо
Фёдо,Герасимо
Дани,Борисо
Ел,Л
Глеб,Белов
Владисл,По
Артём,Нес
Вероник,Сави
Мирон,Касатк
Андр,Зимин
Ел,Смирно
Яр,Мухин
М,Пимено
Дмитрий,Белов
Ар,Чернов
Полина,Богданова
Никита,Лосе
Мия,Бере
Ар,Симонова
Соф,Успе
Вера,А
Варвар,С
Артём,Головано
Екатерин,Н
Вероник,Гончарова
Мирослава,А
Дани,Дмитриев
Яр,Павло
Мирослава,Леонова
Ева,Ульянов
Али,Новикова
Мар,Зинов
Злата,Корольков
Артём,Шап
Фёдо,Иванов
Сем,Вороб
Анна,Емельянова
Александр,Ильи
Соф,Рябова
Ел,Максимов
Ал,Галкина
Савва,Гор
Екатерин,Бо
Василиса,Корни
Полина,Титова
Варвар,Мартынова
Диа,Рыбако
Екатерин,Голуб
Екатерин,Орл
Василиса,Петухова
Тимофей,Верещагин
Анна,Поно
Соф,Панова
Ольга,Г
Матве,Бочар
Дарь,Кузьм
Варвар,Суханова
Али,Петухова
Заха,Егоров
Никита,Уст
Яросл,Седова
Ел,Сидор
П,С
Кира,Клюев
Злата,Громова
Лев,Ф
Евгения,Чернов
Демид,Ма
Ксения,Голуб
Мак,Смирно
Варвар,Воронина
Роман,Фи
Варвар,Ермако
Иль,М
Вера,Тер
Лидия,Кудрявцева
Бор,Ф
Мирослава,Н
М,Цветков
Виктория,Булатова
Александр,Герасимо
Андр,Н
Владисл,Зайцев
Майя,Ро
Артём,Чер
Кира,Жукова
Филипп,Черный
Ел,Рум
Екатерин,С
Дмитрий,Ларин
Дарь,По
Лев,Лапте
Александр,Колос
Виктория,Киселев
Матве,Николаев
Марг,Бор
Василий,Прохоро
Олег,Некрасов
Дани,Николаев
Соф,Гри
Полина,Иван
Матве,Парфенов
Ксения,Вин
Кирилл,Кузнецов
Станислав,Жуков
Андр,Егоров
Соф,Кова
Яр,Кожевник
Василиса,Поз
Иль,Егоров
Юлия,Смирно
Александр,Бычко
Кира,Черкасова
Соф,Комаров
Валентина,Кольц
Е,Исаев
Дарь,Гаврило
Николай,Козлов
Ар,Гор
Валери,Евдо
Фёдо,Золотар
Варвар,Михеева
М,К
Полина,Черныше
Се,К
Роб,Громо
Екатерин,Потапов
Ан,Зыкова
Полина,Г
Владимир,Морозо
Елисей,Панов
М,Соколов
Роб,Вол
Али,Булга
Юрий,Фоми
Али,Абр
М,Зайцев
Миросл,Г
Ел,Вин
Роман,Воронов
Али,Ла
Никита,Родионов
Дарь,Кулак
Мия,Са
Иль,Егоров
Али,Си
Миросл,Федор
Артём,Савел
М,Масленнико
Дарь,Астахова
Али,Андр
Анна,Измай
Ал,Во
Александр,Золотар
Марг,Н
Вера,Ильи
Мария,Коро
Василий,Шевелев
Александр,Петров
Тимофей,П
Роман,Гончаров
Лев,Дуб
Дарь,Богданова
Али,Алексе
Плато,Федор
Али,Мартынова
П,Ма
Милана,Черныше
Марг,Лебед
Фёдо,Лоб
Егор,Пахомов
А,Андриа
Лев,Беляев
Матве,Бара
Георгий,Клюев
Соф,Т
Са,Титов
Анна,Панфило
Екатерин,Пав
Мария,Зайце
Полина,Толкачева
Диа,Са
Вера,Ро
Валери,Зайце
Се,Б
Иван,Ф
Анна,Па
Анна,Пав
Се,Тарасо
Дарь,Степано
Ника,Литвинова
Ел,Власова
Кр,Зве
Тимофей,Ма
М,Чернышев
Иль,Королев
Соф,Сорокин
Соф,Никол
Полина,Тр
Адам,Золотов
Максим,Кулеш
Таисия,Н
Андр,Козлов
Ан,Фокина
Ал,Вин
Ан,Рум
М,Фи
Александр,Роман
Соф,Давыдова
Роман,Бабушки
Соф,По
Ар,Ро
М,Носков
Злата,Блохина
Мария,Каза
Мия,Овчинни
Ел,Юдина
Иль,Фи
Мария,Жукова
Максим,Смирно
Г,Мо
Таисия,Соколова
Али,Козлова
Иль,Медведе
Анна,Федот
Иль,Жда
Полина,Лари
Ар,Морозо
Кр,Гончарова
Милана,Давыдова
М,Василь
Ан,Зубкова
Родион,Максим
Матве,Спирид
Милана,Смирно
Диа,Горш
Е,Лосе
Дмитрий,Ильи
Але,М
М,Смирно
Андр,Бол
Александр,Свиридов
Кр,Каза
Ан,Козлова
Святосл,Нес
Горд,Бара
А,Галкин
Владимир,Лукин
Николай,Гр
Соф,Чумак
Соф,Гри
Ан,Одинцо
Роман,Гордее
Надежда,Чернов
Ел,Вин
Дани,Панко
Ал,Наумова
Ева,Бор
Дани,Котов
Максим,Захаров
М,Во
Фёдо,Анто
Артур,Белов
Мила,Осипова
Мак,Андриа
Али,Колес
Роман,А
Александр,Г
Ел,Ермако
Полина,Иван
Мак,Наза
Василиса,А
Юлия,Гус
Милана,Ха
Александр,Смирно
Андр,С
Вероник,Калмыко
Виктория,Титова
Бо,М
Ел,Са
Вероник,Данилова
Ан,Мит
Яр,Пахомов
Фёдо,Масленнико
Ксения,Щербакова
Артём,Ма
Кира,Л
Александр,С
Матве,Андрее
Денис,С
Василиса,Пав
Миросл,Карпов
Юлия,Петухова
Роман,Кузнецов
Лев,Лазарев
Александр,Широ
Лев,Мальцев
Александр,Прокофьев
Екатерин,К
Николай,Масленнико
Ирина,Ро
Сем,Федор
Марг,Иван
Дани,Тимофее
М,Лазарев
Мирон,Захаров
Ева,Леонова
Татьяна,Кудрявцева
Ар,Кочето
Ал,Сомов
Полина,Воробьев
Тимофей,Ильи
Ал,Окулова
М,Савел
Ар,Тихомир
Г,П
Сем,Иванов
Варвар,Галкина
Яр,Трофимо
Виктория,По
Вера,Кузьм
Але,Коч
Марг,Белякова
Вероник,Андр
Анна,Сорокин
Егор,Борисо
Александр,Лазарев
Марг,Трошина
Дани,Ст
Мирон,Морозо
Тимофей,Ильи
Артемий,Шилов
Лука,Корови
Иван,Власов
Артём,Алекса
Татьяна,Петров
Мария,Фролова
Алёна,Кузьм
Г,Зо
Кира,Остров
Лев,К
Матве,Федор
Мила,С
Кр,А
Ева,Захарова
Али,Краснов
Святосл,Ерм
Ан,Орл
М,Борисо
Кон,Добрынин
Валери,Козлова
Кон,Белов
Мар,Медведе
Максим,Вороб
Кар,Во
Ева,Черкасова
Иван,Карпов
Диа,Колес
Ксения,Галкина
Нина,По
Юрий,Шап
Юлия,Т
Александр,Чижов
Владисла,Дроздо
Екатерин,Горш
Ел,Дени
Яр,Лазарев
Никита,Мальцев
Алёна,Смирно
Владимир,Ми
Валери,Мельников
Диа,Пантел
Ар,Соколова
Ар,Иван
Све,Воро
Василиса,Ерофеев
Ал,Си
А,Дмитриев
Милана,Гончарова
Ел,Маслова
Максим,Кудрявце
В,Ко
Тимофей,Андрее
Дани,Г
Ан,Полякова
Соф,Федоро
А,Соколов
Кирилл,Павло
Али,Ники
Максим,Яковлев
Ар,Болдырева
Полина,Зотова
В,Кочерги
Лев,Ефимов
Анна,Иван
Тимофей,Роман
Олеся,Курочкина
Татьяна,Малышева
Лев,Корн
П,Харитонов
Мирослава,Ильи
Ирина,Ми
Ел,Рум
Варвар,Ми
Кирилл,Дорофе
Владисл,Е
Глеб,Гор
Фёдо,Крюков
Ар,Фомичева
Варвар,Воро
Виктория,Захарова
Денис,Кузнецов
Андр,Широ
Иван,Трофимо
Анна,Во
Д,Смирно
Демид,Горш
Вера,Панфило
М,Абр
Ар,Ха
Сем,Кузнецов
Леон,Мухин
Соф,Ширяев
Ан,Давыдова
Полина,Горлов
Артемий,Егоров
Кирилл,Королев
Алёна,Смирно
Рус,Бара
П,По
Полина,Князева
Дани,Кузин
Дарь,С
Тихон,Наза
Се,Лебед
Дани,Рожков
Кирилл,Жилин
Роман,Бобров
Глеб,М
Екатерин,Л
Анна,К
Мария,Комаров
Е,Орлов
Е,Фи
Се,Мас
Дмитрий,Вол
Александр,Зверев
М,Вол
Вероник,Ла
Яна,Маслова
Алёна,Ники
Соф,Кузьм
Г,Николаев
Матве,Тарасо
Ал,Горе
Александр,Петровск
Ар,А
Ева,Рыбако
Кирилл,Власов
Матве,Щербаков
Вера,Захарова
Али,Е
Ар,Мак
Ан,Федоро
Леон,Богданов
Вера,Иван
Марг,Н
Вероник,Звягинцев
Иван,Соловьев
Кон,Орлов
Олеся,Матвеева
Александр,Комар
Артур,Румянц
Максим,Крылов
Тимур,Соколов
Кр,Федоро
Плато,Андриа
Вероник,З
Ева,Филимоно
Артём,Вороб
Екатерин,Голуб
Фёдо,Тих
Али,Зайце
Яр,Пахомов
Иван,Быков
Ел,С
Вероник,Кири
Валери,Коро
Матве,Алексе
Ан,Рум
Владимир,Егоров
Василиса,Ми
Таисия,С
Тимофей,Ми
Георгий,Седов
Юлия,Афанась
Мария,Мартынова
Дани,Курочкин
Максим,Шу
Плато,Егоров
М,Лоб
Олег,Ф
Кирилл,Федотов
Ксения,Рябова
Сте,Ф
Александр,Ми
Дарь,Авдеева
Дани,Кар
Ольга,Овсяннико
Сте,Борисо
Иль,Фрол
Ел,Суворова
Владисл,Елизаров
Егор,Молчан
Никита,Дубро
Кирилл,Да
Максим,Чернов
Али,Фила
Заха,С
Дмитрий,Кузь
Игорь,Крюков
Ел,Селиванова
Владимир,Попов
Савва,Ми
Дани,Чума
Дани,Кузнецов
Юрий,Захаров
Ева,И
Владисл,П
Ан,Усо
Ал,Кова
Соф,Кон
Вероник,Соболе
Ева,Сергеева
Дмитрий,Павло
Кр,Василье
Милана,Петров
Мар,Алексе
Дмитрий,К
Виктория,Поно
Ан,Ку
Артём,Л
Ольга,М
Полина,Зайце
Дарь,Андриано
Василиса,Андр
Соф,Аге
Соф,Родионова
Дани,Иванов
Ар,Пав
П,Титов
Г,Андрее
Олег,Беляев
Артур,Яковлев
Ульяна,Петров
Виктория,Але
Владисл,Балашов
Демид,Савел
Валери,Новикова
Лев,Егоров
Тимофей,Р
Полина,Смирно
Василиса,Федот
Ел,Прохор
Николай,Баже
Яр,К
Виктор,Кузнецов
Мария,Филимоно
Сте,Дьяко
Филипп,Пахомов
Александр,Ми
П,Кудрявце
Матве,Зы
Дани,Кузнецов
Иван,Федотов
Марг,Карпов
Анна,Ку
Егор,Ми
Леон,Фе
Екатерин,Ми
Егор,Петров
Тимофей,Кузнецов
Антон,У
Марг,Сидор
Виктория,Ба
Ан,Алексе
Ульяна,Новикова
Ева,Иван
Вероник,Иван
Полина,Федоро
Полина,Г
Ксения,Субботина
Вероник,Карасев
Ма,Карпов
Кира,Евдо
Нат,Ушакова
Николай,Вино
М,Юдин
Варвар,Степано
М,Павло
Г,Иванов
Василиса,Мальцева
Дарь,Бажен
Александр,Алекса
Али,И
Але,Федотов
Иван,Кудрявце
Анна,Сорокин
Фёдо,Никит
Плато,Роман
Али,Само
Ар,Медве
Милана,Л
Виктор,Безр
Евгения,Шишкина
Злата,Петров
